{"cameraMode":{"drawMode":0,"name":"Shaded","section":"Shading Mode"},"sceneLighting":true,"audioPlay":false,"sceneViewState":{"m_AlwaysRefresh":false,"showFog":true,"showSkybox":true,"showFlares":true,"showImageEffects":true,"showParticleSystems":true,"showVisualEffectGraphs":true,"m_FxEnabled":true},"in2DMode":false,"pivot":{"x":0.23258058726787568,"y":0.6879887580871582,"z":0.18492162227630616},"rotation":{"x":-0.03630068525671959,"y":0.00659274822100997,"z":-0.00023962417617440224,"w":-0.9993225336074829},"size":2.5696561336517336,"orthographic":false}